,topK,shrink,similarity,normalize,feature_weighting
0,301,673,cosine,False,TF-IDF
1,598,983,cosine,False,TF-IDF
2,677,302,cosine,True,TF-IDF
3,14,494,cosine,True,TF-IDF
4,861,37,cosine,True,TF-IDF
5,751,909,cosine,True,none
6,54,789,cosine,True,BM25
7,5,0,cosine,False,none
8,1000,1000,cosine,True,none
9,308,453,cosine,False,BM25
10,644,0,cosine,True,TF-IDF
11,693,0,cosine,True,TF-IDF
12,1000,945,cosine,True,BM25
13,956,0,cosine,True,TF-IDF
14,1000,1000,cosine,True,TF-IDF
15,1000,0,cosine,True,TF-IDF
16,922,9,cosine,False,none
17,998,112,cosine,False,TF-IDF
18,427,1,cosine,True,TF-IDF
19,466,10,cosine,True,none
20,1000,0,cosine,True,none
21,569,0,cosine,True,TF-IDF
22,1000,0,cosine,True,TF-IDF
23,1000,0,cosine,True,TF-IDF
24,1000,0,cosine,True,TF-IDF
