,topK,shrink,similarity,normalize,feature_weighting,URM_bias
0,549,90,cosine,True,TF-IDF,3.7071362698897645
1,395,596,cosine,False,TF-IDF,9.787802674919329
2,564,259,cosine,True,TF-IDF,1.0616348978594725
3,5,1000,cosine,True,none,1000.0
4,17,827,cosine,True,BM25,469.7589720984227
5,399,604,cosine,False,BM25,6.905003741590612
6,5,0,cosine,True,TF-IDF,1000.0
7,627,344,cosine,True,TF-IDF,317.74816379395884
8,785,0,cosine,True,TF-IDF,1000.0
9,792,0,cosine,True,TF-IDF,1000.0
10,1000,0,cosine,True,none,136.80181293746685
11,893,0,cosine,True,TF-IDF,1000.0
12,885,0,cosine,True,TF-IDF,1000.0
13,803,0,cosine,True,TF-IDF,1000.0
14,841,0,cosine,True,TF-IDF,300.3613752755209
15,885,0,cosine,True,TF-IDF,517.2459463777135
16,874,0,cosine,True,TF-IDF,0.01
17,860,0,cosine,True,TF-IDF,40.39245379814741
18,1000,0,cosine,True,TF-IDF,0.01
19,1000,0,cosine,True,TF-IDF,0.01
20,991,0,cosine,True,TF-IDF,0.01
21,888,0,cosine,True,TF-IDF,0.01
22,389,274,cosine,False,none,168.42671780842014
23,1000,0,cosine,True,TF-IDF,155.33463279839341
24,1000,0,cosine,True,TF-IDF,76.89764304298129
25,1000,0,cosine,True,TF-IDF,0.01
26,1000,0,cosine,True,TF-IDF,0.016626456625943465
27,932,0,cosine,False,TF-IDF,0.02655789342314917
28,959,0,cosine,True,TF-IDF,647.2220864751013
29,1000,0,cosine,True,TF-IDF,0.01
